component	drawable
:CALENDAR	calendar
ComponentInfo{com.android.calendar/com.android.calendar.homepage.AllInOneActivity}	calendar
ComponentInfo{com.google.android.calendar/com.android.calendar.AllInOneActivity}	calendar
ComponentInfo{com.android.calendar/com.android.calendar.AllInOneActivity}	calendar
ComponentInfo{am.sunrise.android.calendar/am.sunrise.android.calendar.ui.HomeActivity}	calendar
ComponentInfo{com.android.calendar/com.meizu.flyme.calendar.AllInOneActivity}	calendar
ComponentInfo{com.oneplus.calendar/com.android.calendar.AllInOneActivity}	calendar
ComponentInfo{com.google.android.calendar/com.android.calendar.LaunchActivity}	calendar
ComponentInfo{com.google.android.calendar/com.android.calendar.HtcCalendarProvider}	calendar
ComponentInfo{com.android.calendar/com.android.calendar.CalendarTabActivity}	calendar
ComponentInfo{com.android.calendar/com.android.calendar.MonthActivity}	calendar
ComponentInfo{com.android.calendar/com.android.calendar.LaunchActivity}	calendar
ComponentInfo{com.android.calendar/com.android.calendar.AgendaActivity}	calendar
ComponentInfo{com.android.calendar/com.android.calendar.EventInfoActivity}	calendar
ComponentInfo{com.android.calendar/com.android.calendar.EditEventActivity}	calendar
ComponentInfo{com.android.calendar/com.android.calendar.timeline.EventListWithStartTime}	calendar
ComponentInfo{com.android.calendar/com.android.calendar.ChooserActivity}	calendar
ComponentInfo{com.android.calendar/com.android.calendar.LaunchTasksActivity}	calendar
ComponentInfo{com.htc.calendar/com.htc.calendar.CalendarActivityMain}	calendar
ComponentInfo{com.lenovo.android.calendar/com.lenovo.android.calendar.SplashActivity}	calendar
ComponentInfo{com.sonymobile.calendar/com.sonymobile.calendar.LaunchActivity}	calendar
ComponentInfo{cn.nubia.calendar.preset/cn.nubia.calendar.AllInOneActivity}	calendar
ComponentInfo{com.bbk.calendar/com.bbk.calendar.MainActivity}	calendar
ComponentInfo{com.lenovo.calendar/com.lenovo.calendar.splashpic.SplashActivity}	calendar
ComponentInfo{com.zui.calendar/com.zui.calendar.MainActivity}	calendar
ComponentInfo{com.samsung.android.calendar/com.samsung.android.app.calendar.activity.MainActivity}	calendar
ComponentInfo{com.coloros.calendar/com.android.calendar.AllInOneActivity}	calendar
ComponentInfo{com.android.calendar/com.simplemobiletools.calendar.pro.activities.SplashActivity.Primary}	calendar
ComponentInfo{org.lineageos.etar/com.android.calendar.AllInOneActivity}	calendar
ComponentInfo{org.calyxos.etar/com.android.calendar.AllInOneActivity}	calendar
:CONTACTS	contacts
ComponentInfo{com.android.contacts/com.android.contacts.activities.PeopleActivity}	contacts
ComponentInfo{com.google.android.contacts/com.android.contacts.activities.PeopleActivity}	contacts
ComponentInfo{com.android.contacts/com.oneplus.contacts.activities.OPPeopleActivity}	contacts
ComponentInfo{com.android.contacts/com.android.mms.ui.ConversationList}	contacts
ComponentInfo{com.android.contacts/com.android.contacts.DialtactsContactsEntryActivity}	contacts
ComponentInfo{com.android.contacts/com.prc.activities.ToDialerActivity}	contacts
ComponentInfo{com.yulong.android.contacts/com.yulong.android.contacts.ui.main.ContactMainActivity}	contacts
ComponentInfo{com.yulong.android.contacts/com.yulong.android.contacts.life.YellowPageActivity}	contacts
ComponentInfo{cn.nubia.contacts/cn.nubia.contacts.mainlist.PeopleActivity}	contacts
ComponentInfo{com.lenovo.ideafriend/com.lenovo.ideafriend.alias.MmsActivity}	contacts
ComponentInfo{com.chinamobile.contacts.im/com.chinamobile.contacts.im.LoadingPage}	contacts
ComponentInfo{com.asus.contacts/com.android.contacts.activities.PeopleActivity}	contacts
ComponentInfo{com.zui.contacts/com.android.newcontact.vl.activity.XLaunchActivity}	contacts
ComponentInfo{com.htc.contacts/com.htc.contacts.BrowseLayerCarouselActivity}	contacts
ComponentInfo{com.samsung.android.contacts/com.android.contacts.activities.PeopleActivity}	contacts
ComponentInfo{com.sonyericsson.android.socialphonebook/com.sonyericsson.android.socialphonebook.LaunchActivity}	contacts
ComponentInfo{com.sonymobile.android.contacts/com.android.contacts.activities.PeopleActivity}	contacts
ComponentInfo{com.android.contacts/com.android.contacts.PeopleActivityAlias}	contacts
ComponentInfo{com.oneplus.contacts/com.oneplus.contacts.activities.OPPeopleActivity}	contacts
ComponentInfo{com.samsung.android.app.contacts/com.samsung.android.contacts.contactslist.PeopleActivity}	contacts
:PHONE	phone
ComponentInfo{com.android.contacts/com.android.contacts.activities.TwelveKeyDialer}	phone
ComponentInfo{com.android.phone/com.android.phone.DialtactsContactsEntryActivity}	phone
ComponentInfo{com.android.phone/com.android.phone.RecentCallsListActivity}	phone
ComponentInfo{com.android.phone/com.android.phone.firewall.PhoneFireWall}	phone
ComponentInfo{com.android.phone/com.android.phone.LaunchCallInterface}	phone
ComponentInfo{com.android.phone/com.android.phone.Settings}	phone
ComponentInfo{com.android.phone/com.android.phone.LaunchRecentCallsActivity}	phone
ComponentInfo{com.android.phone/com.android.phone.DialtactsCallLogActivity}	phone
ComponentInfo{com.android.phone/com.android.phone.DialerSClass}	phone
ComponentInfo{com.android.phone/com.android.phone.TwDialer}	phone
ComponentInfo{com.google.android.dialer/com.google.android.dialer.extensions.GoogleDialtactsActivity}	phone
ComponentInfo{com.motorola.blur/com.motorola.blur.ViewIdentitiesFacetActivity}	phone
ComponentInfo{com.android.dialer/com.android.dialer.TwelveKeyDialer}	phone
ComponentInfo{com.android.dialer/com.android.dialer.allContactsActivity}	phone
ComponentInfo{com.android.contacts/com.android.contacts.dialer.DialerPhoneActivity}	phone
ComponentInfo{com.android.contacts/com.android.dialer.DialtactsActivity}	phone
ComponentInfo{com.android.contacts/com.android.contacts.activities.DialtactsActivity}	phone
ComponentInfo{com.android.contacts/com.android.contacts.LaunchCallLogActivity}	phone
ComponentInfo{com.android.contacts/com.android.contacts.PhoneContactsActivity}	phone
ComponentInfo{com.android.contacts/com.android.contacts.PhoneDialtactsActivity}	phone
ComponentInfo{com.android.contacts/com.android.contacts.SmartDialerActivity}	phone
ComponentInfo{com.android.contacts/com.android.contacts.CallLogShortcut}	phone
ComponentInfo{com.android.contacts/com.android.contacts.DialtactsDialerEntryActivity}	phone
ComponentInfo{com.android.contacts/com.android.contacts.CallLog}	phone
ComponentInfo{com.android.contacts/com.android.contacts.DialerActivity}	phone
ComponentInfo{com.android.contacts/com.android.contacts.TwelveKeyDialer}	phone
ComponentInfo{com.android.contacts/com.android.contacts.DialtactsCallLogActivity}	phone
ComponentInfo{com.android.contacts/com.android.contacts.activities.CallLogActivity}	phone
ComponentInfo{com.android.contacts/com.android.contacts.CallLogActivity}	phone
ComponentInfo{com.android.contacts/com.android.contacts.CallDialtactsActivity}	phone
ComponentInfo{com.android.contacts/com.android.contacts.RecentCallsLauncherActivity}	phone
ComponentInfo{com.android.contacts/com.oppo.contacts.OppoDialtactsActivity}	phone
ComponentInfo{com.android.contacts/com.sec.android.app.contacts.DialerEntryActivity}	phone
ComponentInfo{com.android.contacts/com.android.contacts.DialtactsActivity}	phone
ComponentInfo{com.android.contacts/com.android.contacts.activities.PCUDialtactsActivity}	phone
ComponentInfo{com.android.dialer/com.android.dialer.DialtactsActivity}	phone
ComponentInfo{com.android.dialer/com.google.android.dialer.extensions.GoogleDialtactsActivity}	phone
ComponentInfo{com.android.dialer/com.android.dialer.calllog.CallLogActivity}	phone
ComponentInfo{com.android.dialer/com.android.dialer.activities.DialtactsActivity}	phone
ComponentInfo{com.yulong.android.contacts/com.yulong.android.contacts.dial.DialActivity}	phone
ComponentInfo{com.zui.contacts/com.android.newcontact.vl.activity.DialpadShutcut}	phone
ComponentInfo{cn.nubia.contacts/cn.nubia.contacts.DialerActivity}	phone
ComponentInfo{com.lenovo.ideafriend/com.lenovo.ideafriend.alias.DialtactsActivity}	phone
ComponentInfo{com.asus.contacts/com.android.contacts.activities.DialtactsActivity}	phone
ComponentInfo{com.samsung.android.contacts/com.android.dialer.DialtactsActivity}	phone
ComponentInfo{com.htc.contacts/com.htc.contacts.DialerTabActivity}	phone
ComponentInfo{com.sonymobile.android.dialer/com.android.dialer.DialtactsActivity}	phone
ComponentInfo{com.sonymobile.android.dialer/com.android.dialer.main.impl.MainActivity}	phone
ComponentInfo{com.sonymobile.android.dialer/com.android.dialer.app.DialtactsActivity}	phone
ComponentInfo{com.android.dialer/com.android.dialer.app.DialtactsActivity}	phone
ComponentInfo{com.android.contacts/com.android.contacts.DialtactsActivityAlias}	phone
ComponentInfo{com.android.dialer/com.oneplus.contacts.activities.OPDialtactsActivity}	phone
ComponentInfo{com.oneplus.dialer/com.android.dialer.oneplus.activity.OPDialtactsActivity}	phone
ComponentInfo{com.samsung.android.dialer/com.samsung.android.dialer.DialtactsActivity}	phone
ComponentInfo{com.android.dialer/com.android.dialer.main.impl.MainActivity}	phone
:CAMERA	camera
ComponentInfo{com.android.camera/com.android.camera.Camera}	camera
ComponentInfo{com.android.camera/com.android.camera.CameraActivity}	camera
ComponentInfo{com.android.camera/com.android.camera.CameraLauncher}	camera
ComponentInfo{com.android.camera2/com.android.camera.CameraLauncher}	camera
ComponentInfo{com.android.gallery3d/com.android.camera.CameraLauncher}	camera
ComponentInfo{com.htc.camera/com.htc.camera.CameraEntry}	camera
ComponentInfo{com.motorola.camera/com.motorola.camera.Camera}	camera
ComponentInfo{com.meizu.media.camera/com.meizu.media.camera.CameraLauncher}	camera
ComponentInfo{com.sonyericsson.android.camera/com.sonyericsson.android.camera.CameraActivity}	camera
ComponentInfo{org.cyanogenmod.snap/com.android.camera.CameraLauncher}	camera
ComponentInfo{com.google.android.GoogleCamera/com.android.camera.CameraLauncher}	camera
ComponentInfo{com.sec.android.app.camera/com.sec.android.app.camera.Camera}	camera
ComponentInfo{com.oneplus.camera/com.oneplus.camera.OPCameraActivity}	camera
ComponentInfo{com.oppo.camera/com.oppo.camera.Camera}	camera
ComponentInfo{jp.co.sharp.android.camera/jp.co.sharp.android.camera.stillimagecamera.Camera}	camera
ComponentInfo{org.lineageos.snap/com.android.camera.CameraLauncher}	camera
ComponentInfo{com.oplus.camera/com.oplus.camera.Camera}	camera
ComponentInfo{com.huawei.camera/com.huawei.camera}	camera
ComponentInfo{com.motorola.camera3/com.motorola.camera.Camera}	camera
ComponentInfo{com.motorola.camera3/com.motorola.camera.MirrorCameraActivity}	camera
ComponentInfo{com.nothing.camera/com.nothing.camera.activity.CameraActivity}	camera
ComponentInfo{org.mokee.snap/com.android.camera.CameraLauncher}	camera
ComponentInfo{com.lge.camera/com.lge.camera.CameraAppLauncher}	camera
ComponentInfo{com.zte.camera/com.zte.camera.CameraActivity}	camera
ComponentInfo{org.lineageos.aperture/org.lineageos.aperture.CameraLauncher}	camera
ComponentInfo{jp.co.sony.mc.cameraapq/jp.co.sony.mc.camera.CameraActivity}	camera
ComponentInfo{org.derpfest.flash/org.lineageos.aperture.CameraLauncher}	camera
:CALCULATOR	calculator
ComponentInfo{com.miui.calculator/com.miui.calculator.cal.CalculatorActivity}	calculator
ComponentInfo{com.google.android.calculator/com.android.calculator2.Calculator}	calculator
ComponentInfo{com.android.calculator2/com.android.calculator2.CalculatorActivity}	calculator
ComponentInfo{com.android.calculator2/com.android.calculator2.Calculator-Dark}	calculator
ComponentInfo{com.android.calculator2/com.android.calculator2.Calculator}	calculator
ComponentInfo{com.android2.calculator3/com.android2.calculator3.Calculator}	calculator
ComponentInfo{com.android2.calculator3/com.xlythe.calculator.material.Calculator}	calculator
ComponentInfo{com.htc.calculator/com.htc.calculator.Calculator}	calculator
ComponentInfo{com.meizu.flyme.calculator/com.meizu.flyme.calculator.Calculator}	calculator
ComponentInfo{com.sec.android.app.popupcalculator/com.sec.android.app.popupcalculator.Calculator}	calculator
ComponentInfo{com.oneplus.calculator/com.oneplus.calculator.Calculator}	calculator
ComponentInfo{com.oneplus.calculator/com.android.calculator2.Calculator}	calculator
ComponentInfo{com.coloros.calculator/com.android.calculator2.Calculator}	calculator
ComponentInfo{com.smartisanos.calculator/com.smartisanos.calculator.Calculator}	calculator
ComponentInfo{com.huawei.calculator/com.huawei.calculator.Calculator}	calculator
ComponentInfo{com.android.bbkcalculator/com.android.bbkcalculator.Calculator}	calculator
ComponentInfo{com.sonymobile.exactcalculator/com.sonymobile.exactcalculator.Calculator}	calculator
ComponentInfo{com.motorola.cn.calculator/com.motorola.cn.calculator.Calculator}	calculator
ComponentInfo{com.meizu.flyme.calculator/com.meizu.flyme.calculator.CalculatorActivity}	calculator
:EMAIL	email
ComponentInfo{com.android.email/com.android.email.activity.Welcome}	email
ComponentInfo{com.android.email/com.android.email.activity.EmailActivity}	email
ComponentInfo{com.google.android.email/com.android.email.activity.Welcome}	email
ComponentInfo{com.htc.android.mail/com.htc.android.mail.MailListTab}	email
ComponentInfo{com.htc.android.mail/com.htc.android.mail.MultipleActivitiesMain}	email
ComponentInfo{com.motorola.blur.email/com.motorola.blur.email.mailbox.ViewFolderActivity}	email
ComponentInfo{com.motorola.blur.email/com.motorola.blur.email.mailbox.MailListActivity}	email
ComponentInfo{com.motorola.motoemail/com.android.email.activity.Welcome}	email
ComponentInfo{com.samsung.android.email.provider/com.samsung.android.email.ui.activity.MessageListXL}	email
ComponentInfo{com.sonymobile.email/com.sonymobile.email.activity.Welcome}	email
ComponentInfo{com.netease.mobimail.oneplus/com.netease.mobimail.activity.LaunchActivity}	email
ComponentInfo{com.android.email/com.kingsoft.email.activity.setup.GuideActivity}	email
ComponentInfo{com.android.email/com.android.email.login.activity.WelcomeActivity}	email
ComponentInfo{com.android.email/com.wps.multiwindow.main.HomeActivity}	email
ComponentInfo{com.vivo.email/com.vivo.email.activity.Welcome}	email
ComponentInfo{com.fm.email.sony/com.android.email.activity.EmailActivity}	email
:CLOCK	clock
ComponentInfo{com.android.deskclock/com.android.deskclock.DeskClockTabActivity}	clock
ComponentInfo{com.motorola.blur/com.motorola.blur.alarmclock.AlarmClock}	clock
ComponentInfo{com.google.android.deskclock/com.android.deskclock.DeskClock}	clock
ComponentInfo{com.android.deskclock/com.android.deskclock.AlarmsMainActivity}	clock
ComponentInfo{com.android.deskclock/com.android.deskclock.DeskClock}	clock
ComponentInfo{com.android.deskclock/com.android.deskclock.AlarmClock}	clock
ComponentInfo{com.htc.android.worldclock/com.htc.android.worldclock.WorldClockTabControl}	clock
ComponentInfo{com.android.alarmclock/com.meizu.flyme.alarmclock.DeskClock}	clock
ComponentInfo{com.android.BBKClock/com.android.BBKClock.Timer}	clock
ComponentInfo{com.sec.android.app.clockpackage/com.sec.android.app.clockpackage.ClockPackage}	clock
ComponentInfo{com.sonyericsson.organizer/com.sonyericsson.organizer.Organizer}	clock
ComponentInfo{com.oneplus.deskclock/com.oneplus.deskclock.DeskClock}	clock
ComponentInfo{com.oneplus.deskclock/com.oplus.alarmclock.AlarmClock}	clock
ComponentInfo{com.coloros.alarmclock/com.coloros.alarmclock.AlarmClock}	clock
ComponentInfo{com.coloros.alarmclock/com.oplus.alarmclock.AlarmClock}	clock
ComponentInfo{com.smartisanos.clock/com.smartisanos.clock.activity.ClockActivity}	clock
ComponentInfo{com.lge.clock/com.lge.clock.AlarmClockActivity}	clock
ComponentInfo{zte.com.cn.alarmclock/zte.com.cn.alarmclock.activity.AlarmClockActivity}	clock
ComponentInfo{com.motorola.cn.deskclock/com.motorola.cn.deskclock.DeskClock}	clock
:BROWSER	browser
ComponentInfo{com.android.browser/com.android.browser.BrowserActivity}	browser
ComponentInfo{com.google.android.browser/com.android.browser.BrowserActivity}	browser
ComponentInfo{com.android.browser/com.google.android.apps.chrome.Main}	browser
ComponentInfo{com.android.browser/com.android.browser.PermissionCheckActivity}	browser
ComponentInfo{com.android.browser/com.android.browser.permission.PermissionCheckActivity}	browser
ComponentInfo{org.cyanogenmod.gello.browser/com.android.browser.BrowserLauncher}	browser
ComponentInfo{com.vivo.browser/com.vivo.browser.BrowserActivity}	browser
ComponentInfo{com.sec.android.app.sbrowser/com.sec.android.app.sbrowser.SBrowserMainActivity}	browser
ComponentInfo{com.android.browser/com.tencent.mtt.SplashActivity}	browser
ComponentInfo{com.heytap.browser/com.android.browser.BrowserActivity}	browser
ComponentInfo{com.android.browser/com.android.browser.launch.SplashActivity}	browser
ComponentInfo{com.huawei.browser/com.huawei.browser.Main2}	browser
ComponentInfo{com.qihoo.sonybrowser/com.android.browser.SplashActivity}	browser
ComponentInfo{com.zui.browser/com.lenovo.browser.BrowserActivity}	browser
ComponentInfo{org.lineageos.jelly/org.lineageos.jelly.MainActivity}	browser
ComponentInfo{com.android.browser/com.android.browser.BrowserLaunchActivity}	browser
ComponentInfo{jp.co.sony.mc.browser/jp.co.sony.mc.browser.MainActivity}	browser
ComponentInfo{com.ume.browser.hs/com.ume.browser.MainActivity}	browser
ComponentInfo{com.android.fileexplorer/com.android.fileexplorer.FileExplorerTabActivity}	file_manager
ComponentInfo{com.oneplus.filemanager/com.oneplus.filemanager.HomePageActivity}	file_manager
ComponentInfo{com.oneplus.filemanager/com.oplus.filemanager.main.ui.MainActivity}	file_manager
ComponentInfo{com.huawei.hidisk/com.huawei.hidisk.filemanager.FileManager}	file_manager
ComponentInfo{com.huawei.filemanager/com.huawei.hidisk.filemanager.FileManager}	file_manager
ComponentInfo{com.nbc.filemanager/com.fihtdc.filemanager.FileManager}	file_manager
ComponentInfo{com.sec.android.app.myfiles/com.sec.android.app.myfiles.external.ui.MainActivity}	file_manager
ComponentInfo{com.sec.android.app.myfiles/com.sec.android.app.myfiles.ui.ForMyFilesAppIconInHomeScreenActivity}	file_manager
ComponentInfo{com.sec.android.app.myfiles/com.sec.android.app.myfiles.ui.MainActivity}	file_manager
ComponentInfo{com.coloros.filemanager/com.coloros.filemanager.filerefactor.ui.main.MainActivity}	file_manager
ComponentInfo{com.smartisanos.filemanager/com.smartisan.filemanager.MainActivity}	file_manager
ComponentInfo{com.coloros.filemanager/com.coloros.filemanager.ad.SplashActivity}	file_manager
ComponentInfo{com.coloros.filemanager/com.coloros.filemanager.Main}	file_manager
ComponentInfo{com.coloros.filemanager/com.oplus.filemanager.main.ui.MainActivity}	file_manager
ComponentInfo{com.android.fileexplorer/com.android.fileexplorer.MainActivity}	file_manager
ComponentInfo{com.android.filemanager/com.android.filemanager.FileManagerActivity}	file_manager
ComponentInfo{com.zui.filemanager/com.zui.filemanager.MainActivity}	file_manager
ComponentInfo{zte.com.cn.filer/zte.com.cn.filer.FileMgrActivity}	file_manager
ComponentInfo{com.meizu.filemanager/com.meizu.flyme.filemanager.activity.HomeActivity}	file_manager
ComponentInfo{com.miui.video/com.miui.video.HomeActivity}	video
ComponentInfo{com.miui.video/com.miui.video.feature.main.MainTabActivity}	video
ComponentInfo{com.miui.video/com.miui.video.Launcher1}	video
ComponentInfo{com.sonyericsson.video/com.sonyericsson.video.placeholderwrapper.MainActivity}	video
ComponentInfo{com.huawei.hwvplayer.youku/com.huawei.hwvplayer.framework.MainActivity}	video
ComponentInfo{com.heytap.yoli/com.heytap.yoli.icon_org}	video
ComponentInfo{com.smartisanos.videoplayerproject/com.smartisanos.videoplayerproject.MainActivity}	video
ComponentInfo{com.samsung.android.videolist/com.samsung.android.videolist.list.activity.VideoList}	video
ComponentInfo{com.huawei.himovie/com.huawei.himovie.ui.login.SplashScreenActivity}	video
ComponentInfo{com.android.gallery3d/com.sprd.gallery3d.app.NewVideoActivity}	video
ComponentInfo{com.android.VideoPlayer/com.android.VideoPlayer.VideoPlayer}	video
ComponentInfo{com.meizu.media.video/com.meizu.media.video.VideoMainActivity}	video
:GALLERY	gallery
ComponentInfo{com.miui.gallery/com.miui.gallery.activity.HomePageActivity}	gallery
ComponentInfo{com.sec.android.gallery3d/com.sec.android.gallery3d.app.Gallery}	gallery
ComponentInfo{com.sec.android.gallery3d/com.sec.android.gallery3d.app.GalleryActivity}	gallery
ComponentInfo{com.sec.android.gallery3d/com.sec.android.gallery3d.app.GalleryOpaqueActivity}	gallery
ComponentInfo{com.android.gallery/com.android.camera.GalleryPicker}	gallery
ComponentInfo{com.google.android.gallery3d/com.android.gallery3d.app.GalleryActivity}	gallery
ComponentInfo{com.google.android.gallery3d/com.android.gallery3d.app.Gallery}	gallery
ComponentInfo{com.android.gallery3d/com.android.gallery3d.app.GalleryActivity}	gallery
ComponentInfo{com.android.gallery3d/com.android.gallery3d.app.Gallery}	gallery
ComponentInfo{com.android.gallery3d/com.huawei.gallery.app.GalleryActivity}	gallery
ComponentInfo{com.android.gallery3d/com.huawei.gallery.app.GalleryMain}	gallery
ComponentInfo{com.android.gallery3d/com.android.hwcamera}	gallery
ComponentInfo{com.android.gallery3d/com.android.gallery3d.vivo.GalleryTabActivity}	gallery
ComponentInfo{com.android.gallery3d/com.android.gallery3d.camera_activity1}	gallery
ComponentInfo{com.htc.album/com.htc.album.AlbumMain.ActivityMainTabHost}	gallery
ComponentInfo{com.meizu.media.gallery/com.meizu.media.gallery.GalleryActivity}	gallery
ComponentInfo{com.motorola.MotGallery2/com.android.gallery3d.app.GalleryActivity}	gallery
ComponentInfo{com.sonyericsson.album/com.sonyericsson.album.MainActivity}	gallery
ComponentInfo{com.coloros.gallery3d/com.oppo.gallery3d.app.Gallery}	gallery
ComponentInfo{com.oneplus.gallery/com.oneplus.gallery.OPGalleryActivity}	gallery
ComponentInfo{com.oneplus.gallery/com.oneplus.gallery.app.MainActivity}	gallery
ComponentInfo{com.oneplus.gallery/com.coloros.gallery3d.app.MainActivity}	gallery
ComponentInfo{com.sec.android.gallery3d/com.samsung.android.gallery.app.activity.GalleryActivity}	gallery
ComponentInfo{com.coloros.gallery3d/com.coloros.gallery3d.app.MainActivity}	gallery
ComponentInfo{jp.co.sharp.android.picturemanager/jp.co.sharp.android.picturemanager.media.PictureManager}	gallery
ComponentInfo{com.huawei.photos/com.huawei.gallery.app.GalleryMain}	gallery
ComponentInfo{com.vivo.gallery/com.android.gallery3d.vivo.GalleryTabActivity}	gallery
ComponentInfo{com.android.gallery3d/com.android.gallery3d.v2.app.GalleryActivity2}	gallery
ComponentInfo{com.fm.media.gallery.sony/com.meizu.media.gallery.GalleryActivity}	gallery
ComponentInfo{com.motorola.cn.gallery/com.motorola.cn.gallery.app.GalleryActivity}	gallery
ComponentInfo{com.android.gallery3d/com.zte.gallery3d.activity.launcher.MainGallery}	gallery
ComponentInfo{org.fossify.gallery/org.fossify.gallery.activities.SplashActivity.Green}	gallery
ComponentInfo{org.lineageos.glimpse/org.lineageos.glimpse.MainActivity}	gallery
ComponentInfo{org.calyxos.glimpse/org.lineageos.glimpse.MainActivity}	gallery
ComponentInfo{com.miui.player/com.miui.player.ui.MusicBrowserActivity}	music
ComponentInfo{com.cyanogenmod.eleven/com.cyanogenmod.eleven.ui.activities.HomeActivity}	music
ComponentInfo{com.android.music/com.android.music.MusicBrowserActivity}	music
ComponentInfo{com.android.music/com.android.music.activitymanagement.TopLevelActivity}	music
ComponentInfo{com.android.music/com.android.music.ui.MusicBrowserActivity}	music
ComponentInfo{com.android.music/com.android.music.MusicScanResultActivity}	music
ComponentInfo{com.htc.music/com.htc.music.browserlayer.MusicBrowserTabActivity}	music
ComponentInfo{com.meizu.media.music/com.meizu.media.music.MusicActivity}	music
ComponentInfo{com.sonyericsson.music/com.sonyericsson.music.MusicActivity}	music
ComponentInfo{com.android.mediacenter/com.android.mediacenter.PageActivity}	music
ComponentInfo{com.oppo.music/com.oppo.music.UnsupportCheckActivity}	music
ComponentInfo{com.oppo.music/com.nearme.music.splash.SplashActivity}	music
ComponentInfo{com.oppo.music/com.allsaints.music.ui.splash.SplashActivity}	music
ComponentInfo{com.nbc.music/com.nbc.music.MusicBrowserActivity}	music
ComponentInfo{com.sec.android.app.music/com.sec.android.app.music.common.activity.MusicMainActivity}	music
ComponentInfo{com.heytap.music/com.nearme.music.splash.SplashActivity}	music
ComponentInfo{com.heytap.music/com.allsaints.music.ui.splash.SplashActivity}	music
ComponentInfo{com.heytap.music/com.allsaints.music.SplashActActivity}	music
ComponentInfo{com.heytap.music/com.allsaints.music.SplashDefaultActivity}	music
ComponentInfo{com.smartisanos.music/com.smartisanos.music.activities.MusicMain}	music
ComponentInfo{com.banqu.samsung.music/com.banqu.music.WelcomeActivity}	music
ComponentInfo{com.huawei.music/com.android.mediacenter.PageActivity}	music
ComponentInfo{com.android.bbkmusic/com.android.bbkmusic.WidgetToTrackActivity}	music
ComponentInfo{org.lineageos.eleven/org.lineageos.eleven.ui.activities.HomeActivity}	music
ComponentInfo{com.lge.music/com.lge.music.MusicBrowserActivity}	music
ComponentInfo{org.calyxos.eleven/org.lineageos.eleven.ui.activities.HomeActivity}	music
:SMS	sms
ComponentInfo{com.android.mms/com.android.mms.ui.MmsTabActivity}	sms
ComponentInfo{com.android.messaging/com.android.messaging.ui.conversationlist.ConversationListActivity}	sms
ComponentInfo{com.mms.ics.ext/com.mms.ics.ext.ui.ConversationList}	sms
ComponentInfo{com.android.mms/com.android.mms.ui.ConversationList}	sms
ComponentInfo{com.android.mms/com.android.mms.MainUISelection}	sms
ComponentInfo{com.android.mms/com.android.mms.MultipleActivitiesMain}	sms
ComponentInfo{com.android.mms/com.android.mms.ui.ConversationComposer}	sms
ComponentInfo{com.android.mms/com.android.mms.ui.MainLayerTabSwitchActivity}	sms
ComponentInfo{com.android.mms/com.android.mms.ui.ModeActivity}	sms
ComponentInfo{com.android.mms/com.android.mms.ui.UiController}	sms
ComponentInfo{com.android.mms/com.android.mms.ui.ViewControllerActivity}	sms
ComponentInfo{com.android.mms/com.android.mms.ui.VissageActivity}	sms
ComponentInfo{com.android.mms/com.android.mms.ui.MessageTabActivity}	sms
ComponentInfo{com.android.mms/com.yulong.android.mms.ui.MmsMainListFormActivity}	sms
ComponentInfo{com.android.mms/com.android.mms.ui.BootActivity}	sms
ComponentInfo{com.android.mms/com.yulong.android.contacts.dial.DialActivity}	sms
ComponentInfo{com.htc.sense.mms/com.htc.sense.mms.ui.ConversationList}	sms
ComponentInfo{com.samsung.android.messaging/com.android.mms.ui.ConversationComposer}	sms
ComponentInfo{com.zui.mms/com.fancymaker.mms.ui.XuiMmsMainActivity}	sms
ComponentInfo{com.sonyericsson.conversations/com.sonyericsson.conversations.ui.ConversationListActivity}	sms
ComponentInfo{com.google.android.apps.messaging/com.google.android.apps.messaging.ui.ConversationListActivity}	sms
ComponentInfo{com.oneplus.mms/com.android.mms.ui.ConversationList}	sms
ComponentInfo{com.fm.mms.sony/com.android.messaging.ui.conversationlist.ConversationListActivity}	sms
ComponentInfo{com.google.android.apps.messaging/com.google.android.apps.messaging.main.MainActivity}	sms
ComponentInfo{com.android.thememanager/com.android.thememanager.ThemeResourceTabActivity}	themes
ComponentInfo{com.nearme.themespace/com.nearme.themespace.activities.ThemeActivity}	themes
ComponentInfo{ru.deishelon.lab.thememanager/ru.deishelon.lab.thememanager.ui.activities.ThemesActivity}	themes
ComponentInfo{com.huawei.android.thememanager/com.huawei.android.thememanager.HwThemeManagerActivity}	themes
ComponentInfo{com.samsung.android.themestore/com.samsung.android.themestore.activity.Launcher}	themes
ComponentInfo{com.heytap.themestore/com.nearme.themespace.activities.ThemeActivity}	themes
ComponentInfo{com.heytap.themestore/com.nearme.themespace.AliasOneThemeActivity}	themes
ComponentInfo{com.meizu.customizecenter/com.meizu.customizecenter.frame.activity.CustomizeCenterActivity}	themes
ComponentInfo{com.huawei.android.thememanager/com.huawei.android.thememanager.mvp.view.activity.onlinebase.PageActivity}	themes
ComponentInfo{com.bbk.theme/com.bbk.theme.Theme}	themes
ComponentInfo{com.motorola.moto.overlay.personalizelauncher/com.motorola.moto.overlay.personalizelauncher.LauncherActivity}	themes
ComponentInfo{com.motorola.personalize/com.motorola.personalize.app.LaunchActivity}	themes
ComponentInfo{com.zte.beautify/com.zte.beautify.view.beauty.splashscreen.LogoActivity}	themes
ComponentInfo{com.oplus.themestore/com.nearme.themespace.activities.ThemeActivity}	themes
ComponentInfo{com.miui.weather2/com.miui.weather2.ActivityWeatherMain}	weather
ComponentInfo{com.sonymobile.xperiaweather/com.sonymobile.xperiaweather.MainActivity}	weather
ComponentInfo{net.oneplus.weather/net.oneplus.weather.app.MainActivity}	weather
ComponentInfo{net.oneplus.weather/com.oplus.weather.main.view.WeatherMainActivity}	weather
ComponentInfo{com.coloros.weather/com.coloros.weather.OppoMainActivity}	weather
ComponentInfo{com.sec.android.daemonapp/com.samsung.android.weather.app.AppLauncherActivity}	weather
ComponentInfo{com.coloros.weather2/com.coloros.weather.main.view.WeatherMainActivity}	weather
ComponentInfo{com.coloros.weather2/com.coloros.weather.OppoMainActivity}	weather
ComponentInfo{com.coloros.weather2/com.oplus.weather.main.view.WeatherMainActivity}	weather
ComponentInfo{com.smartisanos.weather/com.smartisanos.weather.CityWeather}	weather
ComponentInfo{com.meizu.flyme.weather/com.hy.weather.mz.modules.home.WeatherMainActivity}	weather
ComponentInfo{com.huawei.android.totemweather/com.huawei.android.totemweather.WeatherHome}	weather
ComponentInfo{com.vivo.weather/com.vivo.weather.WeatherMain}	weather
ComponentInfo{com.zte.mifavor.weather/com.zte.mifavor.weather.adver.SplashActivity}	weather
ComponentInfo{com.nothing.weather/com.nothing.weather.main.ui.MainActivity}	weather
ComponentInfo{com.nothing.weather/com.nothing.weather.ui.main.MainActivity}	weather
ComponentInfo{com.xiaomi.market/com.xiaomi.market.ui.MarketTabActivity}	market
ComponentInfo{com.oneplus.market/com.oneplus.market.activity.MainActivity}	market
ComponentInfo{com.heytap.market/com.heytap.market.activity.MainActivity}	market
ComponentInfo{com.heytap.market/com.heytap.market.activity.MainActivity100}	market
ComponentInfo{com.sec.android.app.samsungapps/com.sec.android.app.samsungapps.SamsungAppsMainActivity}	market
ComponentInfo{com.smartisanos.appstore/com.smartisanos.common.ui.SplashActivity}	market
ComponentInfo{com.meizu.mstore/com.meizu.flyme.appcenter.activitys.AppMainActivity}	market
ComponentInfo{com.huawei.appmarket/com.huawei.appmarket.MainActivity}	market
ComponentInfo{com.bbk.appstore/com.bbk.appstore.ui.AppStore}	market
ComponentInfo{com.fm.mstore.sony/com.meizu.flyme.appcenter.activitys.AppMainActivity}	market
ComponentInfo{com.lenovo.leos.appstore/com.lenovo.leos.appstore.activities.Main}	market
ComponentInfo{zte.com.market/zte.com.market.LoginActivity}	market
ComponentInfo{com.android.settings/com.android.settings.MainSettings}	settings
ComponentInfo{com.android.settings/com.android.settings.Settings}	settings
ComponentInfo{com.android.settings/com.oppo.settings.SettingsActivity}	settings
ComponentInfo{com.android.settings/com.android.settings.HWSettings}	settings
ComponentInfo{com.miui.notes/com.miui.notes.ui.NotesListActivity}	notes
ComponentInfo{com.oneplus.note/com.oneplus.note.ui.MainActivity}	notes
ComponentInfo{com.oneplus.note/com.nearme.note.main.MainActivity}	notes
ComponentInfo{com.nearme.note/com.nearme.note.view.AllNoteActivity}	notes
ComponentInfo{com.samsung.android.app.notes/com.samsung.android.app.notes.memolist.MemoListActivity}	notes
ComponentInfo{com.coloros.note/com.nearme.note.view.AllNoteActivity}	notes
ComponentInfo{com.coloros.note/com.nearme.note.main.MainActivity}	notes
ComponentInfo{com.smartisanos.notes/com.smartisanos.notes.NotesActivity}	notes
ComponentInfo{com.meizu.notepaper/com.meizu.flyme.notepaper.app.NotePaperActivity}	notes
ComponentInfo{com.sprd.sprdnote/com.sprd.sprdnote.NoteActivity}	notes
ComponentInfo{com.android.notes/com.android.notes.Notes}	notes
ComponentInfo{com.motorola.stylus/com.motorola.stylus.manager.NoteManagerActivity}	notes
ComponentInfo{com.miui.securitycenter/com.miui.securityscan.MainActivity}	security
ComponentInfo{com.oneplus.security/com.oneplus.security.view.SecurityMainActivity}	security
ComponentInfo{com.coloros.safecenter/com.coloros.safecenter.FakeActivity}	security
ComponentInfo{com.huawei.systemmanager/com.huawei.systemmanager.mainscreen.MainScreenActivity}	security
ComponentInfo{com.android.spare_parts/com.android.spare_parts.SpareParts}	security
ComponentInfo{com.samsung.android.sm_cn/com.samsung.android.sm.ui.cstyleboard.SmartManagerDashBoardActivity}	security
ComponentInfo{com.coloros.phonemanager/com.coloros.phonemanager.FakeActivity}	security
ComponentInfo{com.coloros.phonemanager/com.oplus.phonemanager.FakeActivity}	security
ComponentInfo{com.smartisanos.security/com.smartisanos.securitycenter.MainActivity}	security
ComponentInfo{com.iqoo.secure/com.iqoo.secure.MainActivity}	security
ComponentInfo{com.motorola.deviceguard/com.motorola.deviceguard.portal.activity.PortalActivity}	security
ComponentInfo{com.iqoo.secure/com.iqoo.secure.MainGuideActivity}	security
ComponentInfo{com.motorola.deviceshield/com.motorola.deviceshield.activity.MainActivity}	security
ComponentInfo{com.zte.heartyservice/com.zte.heartyservice.main.HeartServiceActivityLauncher}	security
ComponentInfo{com.meizu.safe/}	security
ComponentInfo{com.finshell.wallet/com.nearme.wallet.SplashActivity}	wallet
ComponentInfo{com.mipay.wallet/com.mipay.wallet.ui.MipayEntryActivity}	wallet
ComponentInfo{com.mipay.wallet/com.xiaomi.jr.app.MiFinanceActivity}	wallet
ComponentInfo{com.samsung.android.spay/com.samsung.android.spay.ui.SpayMainActivity}	wallet
ComponentInfo{com.smartisanos.wallet/com.smartisanos.wallet.WalletMainActivity}	wallet
ComponentInfo{com.meizu.mznfcpay/com.meizu.mznfcpay.homepage.HomeActivity}	wallet
ComponentInfo{com.huawei.wallet/com.huawei.wallet.view.MainActivity}	wallet
ComponentInfo{com.vivo.wallet/com.vivo.wallet.StartPageActivity}	wallet
ComponentInfo{com.motorola.cn.wallet/com.motorola.cn.wallet.MainActivity}	wallet
ComponentInfo{com.xiaomi.gamecenter/com.xiaomi.gamecenter.ui.MainTabActivity}	game_center
ComponentInfo{com.nearme.gamecenter/com.nearme.gamecenter.ui.activity.SplashActivity}	game_center
ComponentInfo{com.nearme.gamecenter/com.nearme.gamecenter.DynamicAliasFive}	game_center
ComponentInfo{com.nearme.gamecenter/com.nearme.gamecenter.DynamicAliasOne}	game_center
ComponentInfo{com.nearme.gamecenter/com.nearme.gamecenter.DefaultAlias}	game_center
ComponentInfo{com.nearme.gamecenter/com.nearme.gamecenter.DynamicAliasFour}	game_center
ComponentInfo{com.oneplus.gamespace/com.oneplus.gamespace.ui.main.MainActivity}	game_center
ComponentInfo{com.oplus.games/com.oplus.games.ui.main.MainGameActivity}	game_center
ComponentInfo{com.samsung.android.game.gamehome/com.samsung.android.game.gamehome.activity.StartActivityCN}	game_center
ComponentInfo{com.samsung.android.game.gamehome/com.samsung.android.game.gamehome.app.MainActivity}	game_center
ComponentInfo{com.samsung.android.game.gamehome/com.samsung.android.game.gamehome.activity.StartActivity	game_center
ComponentInfo{com.huawei.gamebox/com.huawei.gamebox.GameBoxActivity}	game_center
ComponentInfo{com.vivo.game/com.vivo.game.ui.LogoActivity}	game_center
ComponentInfo{com.motorola.gamemode/com.motorola.gamemode.ui.launcher.main.GameCenterActivity}	game_center
ComponentInfo{com.motorola.gamemode/com.motorola.gamemode.ui.launcher.main.PRCGameCenterActivity}	game_center
ComponentInfo{com.meizu.flyme.gamecenter/com.meizu.flyme.gamecenter.activity.GameMainActivity}	game_center
ComponentInfo{com.android.soundrecorder/com.android.soundrecorder.SoundRecorder}	recorder
ComponentInfo{com.android.soundrecorder/com.android.soundrecorder.StartActivity}	recorder
ComponentInfo{com.sonymobile.androidapp.audiorecorder/com.sonymobile.androidapp.audiorecorder.activity.MainActivity}	recorder
ComponentInfo{com.oneplus.soundrecorder/com.oneplus.soundrecorder.SoundRecorder}	recorder
ComponentInfo{com.oneplus.soundrecorder/com.soundrecorder.browsefile.BrowseFile}	recorder
ComponentInfo{org.lineageos.recorder/org.lineageos.recorder.RecorderActivity}	recorder
ComponentInfo{com.evenwell.voicenote/com.evenwell.voicenote.MainActivity}	recorder
ComponentInfo{com.sec.android.app.voicenote/com.sec.android.app.voicenote.main.VNMainActivity}	recorder
ComponentInfo{com.coloros.soundrecorder/oppo.multimedia.soundrecorder.RecorderActivity}	recorder
ComponentInfo{com.coloros.soundrecorder/oppo.multimedia.soundrecorder.filebrowser.BrowseFile}	recorder
ComponentInfo{com.coloros.soundrecorder/oplus.multimedia.soundrecorder.filebrowser.BrowseFile}	recorder
ComponentInfo{com.coloros.soundrecorder/com.soundrecorder.browsefile.BrowseFile}	recorder
ComponentInfo{com.google.android.apps.recorder/com.google.android.apps.recorder.ui.recordings.MainActivity}	recorder
ComponentInfo{com.android.soundrecorder/com.android.soundrecorder.MzRecorderActivity}	recorder
ComponentInfo{com.android.soundrecorder/com.sprd.soundrecorder.RecorderActivity}	recorder
ComponentInfo{com.android.bbksoundrecorder/com.android.activity.ReclistActivity}	recorder
ComponentInfo{com.motorola.cn.recorder/com.motorola.cn.recorder.ui.main.MainActivity}	recorder
ComponentInfo{com.motorola.cn.recorder/com.motorola.cn.recorder.SoundRecorder}	recorder
ComponentInfo{com.motorola.audiorecorder/com.motorola.audiorecorder.ui.main.MainActivity}	recorder
ComponentInfo{com.nothing.soundrecorder/com.nothing.ui.NewMainActivity}	recorder
ComponentInfo{com.nothing.soundrecorder/com.nothing.soundrecorder.ui.NewMainActivity}	recorder
ComponentInfo{org.mokee.recorder/org.lineageos.recorder.RecorderActivity}	recorder
ComponentInfo{com.android.soundrecorder/com.android.soundrecorder.activity.MzRecorderActivity}	recorder
ComponentInfo{cn.zte.recorder/cn.zte.recorder.RecordHomeActivity}	recorder
ComponentInfo{com.google.android.apps.recorder/com.google.android.apps.recorder.ui.recordings.LauncherActivity}	recorder
ComponentInfo{org.calyxos.recorder/org.lineageos.recorder.RecorderActivity}	recorder
ComponentInfo{com.android.stk/com.android.stk.StkMain}	sim_toolkit
ComponentInfo{com.android.stk/com.android.stk.StkLauncherActivity2}	sim_toolkit
ComponentInfo{com.android.stk/com.android.stk.StkLauncherActivity}	sim_toolkit
ComponentInfo{com.android.stk2/com.android.stk2.StkLauncherActivity}	sim_toolkit
ComponentInfo{com.android.stk/com.android.stk.OppoStkLauncherActivity1}	sim_toolkit
ComponentInfo{com.android.stk/com.android.stk.OppoStkLauncherActivity2}	sim_toolkit
ComponentInfo{com.android.stk/com.android.stk.mtk.StkLauncherActivityI}	sim_toolkit
ComponentInfo{com.android.stk/com.android.stk.mtk.StkLauncherActivityII}	sim_toolkit
ComponentInfo{com.android.stk/com.android.stk.OplusStkLauncherActivity1}	sim_toolkit
ComponentInfo{com.android.stk/com.android.stk.OplusStkLauncherActivity2}	sim_toolkit
ComponentInfo{com.android.stk/com.android.stk.StkLauncherActivity_DualSim}	sim_toolkit
ComponentInfo{com.android.stk/com.android.stk.StkLauncherActivityOther1}	sim_toolkit
ComponentInfo{com.android.stk/com.android.stk.StkLauncherListActivity}	sim_toolkit
ComponentInfo{com.miui.compass/com.miui.compass.CompassActivity}	compass
ComponentInfo{com.coloros.compass/com.coloros.compass.flat.FlatCompass}	compass
ComponentInfo{com.huawei.compass/com.huawei.compass.MainActivity}	compass
ComponentInfo{com.coloros.compass2/com.coloros.compass.flat.FlatCompass}	compass
ComponentInfo{com.vivo.compass/com.vivo.compass.CalibrationActivity}	compass
ComponentInfo{com.motorola.cn.compass/com.motorola.cn.compass.CompassActivity}	compass
ComponentInfo{com.heytap.cloud/com.heytap.cloud.activity.OPCloudSettingsActivity}	cloud_service
ComponentInfo{com.heytap.cloud/com.heytap.cloud.activity.CloudSettingsActivity}	cloud_service
ComponentInfo{com.heytap.cloud/com.heytap.cloud.home.ui.CloudLauncherActivity}	cloud_service
ComponentInfo{com.huawei.hidisk/com.huawei.android.hicloud.ui.activity.NewHiSyncSettingAliasActivity}	cloud_service
ComponentInfo{com.bbk.cloud/com.bbk.cloud.activities.BBKCloudHomeScreen}	cloud_service
ComponentInfo{com.lenovo.leos.cloud.sync/com.lenovo.leos.cloud.sync.UIv5.V5SplashActivity}	cloud_service
ComponentInfo{com.samsung.android.scloud/com.samsung.android.scloud.app.ui.splash.launcher}	cloud_service
ComponentInfo{com.sec.android.app.shealth/com.samsung.android.app.shealth.home.HomeMainActivity}	health
ComponentInfo{com.heytap.health/com.heytap.health.oobe.LaunchActivity}	health
ComponentInfo{com.vivo.health/com.vivo.health.main.activity.GuideActivity}	health
ComponentInfo{com.zui.zhealthy/com.zui.zhealthy.newpage.NewMainActivity}	health
ComponentInfo{com.vivo.health/com.vivo.health.main.activity.GuideActivity}	health
ComponentInfo{com.meizu.net.pedometer/com.meizu.net.pedometer.ui.PedometerMainActivitys}	health
ComponentInfo{com.heytap.smarthome/com.heytap.smarthome.LaunchActivity}	smarthome
ComponentInfo{com.heytap.smarthome/com.heytap.smarthome.LauncherActivity}	smarthome
ComponentInfo{com.meizu.smarthome/com.meizu.smarthome.MainActivity}	smarthome
ComponentInfo{com.oppo.usercenter/com.oppo.usercenter.vip.UCVIPMainActivity}	vip
ComponentInfo{com.heytap.vip/com.platform.usercenter.vip.UCVIPMainActivity}	vip
ComponentInfo{com.oplus.vip/com.platform.usercenter.vip.UCVIPMainActivity}	vip
ComponentInfo{com.oplus.member/com.oppo.usercenter.vip.UCVIPMainActivity}	vip
ComponentInfo{com.oneplus.member/com.oppo.usercenter.vip.UCVIPMainActivity}	vip
ComponentInfo{com.heytap.member/com.oppo.usercenter.vip.UCVIPMainActivity}	vip
ComponentInfo{com.meizu.mcare/com.meizu.mcare.ui.MainActivity}	vip
ComponentInfo{com.huawei.vassistant/com.huawei.vassistant.ui.VAssistantActivity}	voice_assist
ComponentInfo{com.huawei.vassistant/com.huawei.vassistant.ui.main.VAssistantActivity}	voice_assist
ComponentInfo{com.miui.voiceassist/com.xiaomi.voiceassistant.CTAAlertActivity}	voice_assist
ComponentInfo{com.miui.voiceassist/com.xiaomi.voiceassistant.LauncherRouterActivity}	voice_assist
ComponentInfo{com.miui.voiceassist/com.xiaomi.voiceassistant.MainActivity}	voice_assist
ComponentInfo{com.heytap.speechassist/com.heytap.speechassist.launcher.SpeechAssistMainActivity}	voice_assist
ComponentInfo{com.coloros.speechassist/com.heytap.speechassist.launcher.SpeechAssistMainActivity}	voice_assist
ComponentInfo{com.samsung.android.app.spage/com.samsung.android.app.spage.main.LauncherActivity}	voice_assist
ComponentInfo{com.vivo.agent/com.vivo.agent.view.activities.JoviHomeNewActivity}	voice_assist
ComponentInfo{com.lenovo.menu_assistant/com.lenovo.menu_assistant.MainEntryActivity}	voice_assist
ComponentInfo{com.vivo.agent/com.vivo.agent.desktop.view.activities.JoviHomeNewActivity}	voice_assist
ComponentInfo{com.meizu.voiceassistant/com.meizu.voiceassistant.MainActivity}	voice_assist
ComponentInfo{com.meizu.voiceassistant/com.meizu.voiceassistant.RouterActivity}	voice_assist
ComponentInfo{com.miui.bugreport/com.miui.bugreport.ui.MainTabActivity}	bug_report
ComponentInfo{com.sonymobile.support/com.sonymobile.support.InAppSupportLauncher}	bug_report
ComponentInfo{com.oneplus.opbugreport/com.oneplus.opbugreport.OPUploadReport}	bug_report
ComponentInfo{com.coloros.logkit/com.coloros.logkit.activity.MainAliasActivity}	bug_report
ComponentInfo{com.oplus.logkit/com.oplus.logkit.activity.MainAliasActivity}	bug_report
ComponentInfo{com.coloros.findphone.client/com.coloros.findphone.client.LoginActivity}	find_my_phone
ComponentInfo{com.coloros.findphone.client2/com.coloros.findphone.client.LoginActivity}	find_my_phone
ComponentInfo{com.realme.findphone.client2/com.coloros.findphone.client.LoginActivity}	find_my_phone
ComponentInfo{com.huawei.android.findmyphone/com.huawei.android.findmyphone.ui.findphone.FindMyPhoneActivity}	find_my_phone
ComponentInfo{com.meizu.flyme.find/com.meizu.flyme.find.ui.LoginActivity}	find_my_phone
ComponentInfo{com.coloros.onekeylockscreen/com.heytap.onekeylockscreen.OneKeyLockScreen}	lock_screen
ComponentInfo{com.coloros.onekeylockscreen/com.coloros.onekeylockscreen.OppoLockScreen}	lock_screen
ComponentInfo{com.coloros.onekeylockscreen/com.oplus.onekeylockscreen.OneKeyLockScreen}	lock_screen
ComponentInfo{com.android.bbk.lockscreen3/com.android.bbk.lockscreen3.LockScreenActivity}	lock_screen
ComponentInfo{com.opluskgd.onetaplocking/com.oplus.onetaplocking.OneTapLockingActivity}	lock_screen
ComponentInfo{com.heytap.reader/com.chaozh.iReader.ui.activity.WelcomeActivity}	reader
ComponentInfo{com.oppo.reader/com.chaozh.iReader.ui.activity.WelcomeActivity}	reader
ComponentInfo{com.huawei.hwireader/com.chaozh.iReader.ui.activity.WelcomeActivity}	reader
ComponentInfo{com.oppo.book/com.qq.reader.activity.SplashActivity}	bookstore
ComponentInfo{com.heytap.book/com.qq.reader.activity.SplashActivity}	bookstore
ComponentInfo{com.heytap.book/com.qq.reader.activity.DefaultIcon}	bookstore
ComponentInfo{com.qqreader.hisense/com.qq.reader.activity.SplashActivity}	bookstore
ComponentInfo{com.huawei.hnreader/com.qq.reader.activity.SplashActivity}	bookstore
ComponentInfo{com.qqreader.lenovo/com.qq.reader.activity.SplashActivity}	bookstore
ComponentInfo{com.vivo.qreader/com.qq.reader.activity.SplashActivity}	bookstore
ComponentInfo{com.samsung.android.app.tips/com.samsung.android.app.tips.TipsMainActivity}	tips
ComponentInfo{com.coloros.operationtips/com.coloros.operationtips.activities.WelcomeActivity}	tips
ComponentInfo{com.huawei.android.tips/com.huawei.android.tips.launch.ui.SplashActivity}	tips
ComponentInfo{com.vivo.Tips/com.vivo.Tips.MainActivity}	tips
ComponentInfo{com.lenovo.fm/com.lenovo.fm.RadioActivity}	fm_radio
ComponentInfo{com.android.fmradio/component.qiku.FmMainActivity}	fm_radio
ComponentInfo{com.miui.fm/com.miui.fmradio.FmActivity}	fm_radio
ComponentInfo{com.miui.fm/fm.qingting.qtradio.WelcomeActivity}	fm_radio
ComponentInfo{com.sec.android.app.fm/com.sec.android.app.fm.MainActivity}	fm_radio
ComponentInfo{com.android.fmradio/com.android.fmradio.FmMainActivity}	fm_radio
ComponentInfo{com.vivo.FMRadio/com.vivo.FMRadio.FMRadio}	fm_radio
ComponentInfo{com.caf.fmradio/com.caf.fmradio.FMRadio}	fm_radio
ComponentInfo{com.huawei.android.FMRadio/com.huawei.FMRadio.page.PageActivity}	fm_radio
ComponentInfo{com.motorola.fmplayer/com.motorola.fmplayer.ChangeThemeActivity}	fm_radio
ComponentInfo{com.quicinc.fmradio/com.quicinc.fmradio.FMRadio}	fm_radio
ComponentInfo{com.coloros.familyguard/com.coloros.familyguard.FakeActivity}	family_guard
ComponentInfo{com.meizu.sceneinfo/com.meizu.familyguard.alias.compat.FamilyGuardActivityLauncher}	family_guard
ComponentInfo{com.coloros.backuprestore/com.coloros.phoneclone.PhoneCloneMainActivity}	clone_phone
ComponentInfo{com.coloros.backuprestore/com.oplus.phoneclone.PhoneCloneMainActivity}	clone_phone
ComponentInfo{com.oppo.backuprestore/com.coloros.backuprestore.activity.BootActivity}	clone_phone
ComponentInfo{com.meizu.datamigration/com.meizu.datamigration.capture.DataMigrationActivity}	clone_phone
ComponentInfo{com.meizu.datamigration/com.upuphone.bxmover.business.boxing.ui.activity.HomeActivity}	clone_phone
ComponentInfo{com.meizu.datamigration/com.upuphone.bxmover.business.boxing.widget.home.HomeActivity}	clone_phone
ComponentInfo{com.flyme.videoclips/com.flyme.videoclips.activity.HomeWeexActivity}	short_video
ComponentInfo{com.redteamobile.roaming/com.redteamobile.roaming.MainActivity}	roaming
ComponentInfo{com.redteamobile.roaming/com.redteamobile.roaming.MainActivity}	roaming
ComponentInfo{com.miui.virtualsim/com.miui.virtualsim.ui.MainActivity}	roaming
ComponentInfo{com.meizu.measure/com.meizu.measure.CameraActivity}	ar_ruler
ComponentInfo{com.meizu.measure/com.meizu.measure.activity.ARCoreActivity}	ar_ruler
ComponentInfo{andes.oplus.documentsreader/andes.oplus.documentsreader.launcher.activity.MainActivity}	documents
ComponentInfo{andes.oplus.documentsreader/andes.oplus.documentsreader.launcher.activity.MainViewActivity}	documents
ComponentInfo{com.oplus.consumerIRApp/com.oplus.consumerIRApp.navigation.HomeActivity}	remote
ComponentInfo{com.coloros.translate/com.coloros.translate.ui.MainActivity}	translate
ComponentInfo{com.ss.android.ugc.aweme/com.ss.android.ugc.aweme.splash.SplashActivity}	douyin
ComponentInfo{com.ss.android.ugc.aweme.mobile/com.ss.android.ugc.aweme.splash.SplashActivity}	douyin
ComponentInfo{fuck.com.ss.android.ugc.aweme/com.ss.android.ugc.aweme.carplay.main.CarPlayMainActivity}	douyin
ComponentInfo{com.eg.android.AlipayGphone/com.eg.android.AlipayGphone.AlipayLogin}	alipay
ComponentInfo{com.tencent.mobileqq/com.tencent.mobileqq.activity.Alias6SplashActivity}	qq
ComponentInfo{com.tencent.mobileqq/com.tencent.mobileqq.activity.SplashActivity}	qq
ComponentInfo{com.xingin.xhs/com.xingin.xhs.index.v2.IndexActivityV2}	rednote
ComponentInfo{com.xingin.xhs/com.xingin.xhs.activity.SplashActivity}	rednote
ComponentInfo{com.tencent.mm/com.tencent.mm.ui.LauncherUI}	wechat
ComponentInfo{com.youku.phone/com.youku.phone.ActivityWelcome}	youku
ComponentInfo{com.huawei.hwvplayer.youku/com.youku.phone.ActivityWelcome}	youku
ComponentInfo{com.huawei.hwvplayer.youku/com.huawei.hwvplayer.framework.MainActivity}	youku
ComponentInfo{com.wuba/com.wuba.default}	wuba
ComponentInfo{com.wuba/com.wuba.activity.launch.LaunchActivity}	wuba
ComponentInfo{com.wuba/com.wuba.home.activity.HomeActivity}	wuba
ComponentInfo{tv.danmaku.bili/tv.danmaku.bili.ui.splash.SplashActivity}	bilibili
ComponentInfo{tv.danmaku.bili/tv.danmaku.bili.MainActivityV2}	bilibili
ComponentInfo{tv.danmaku.bibi/tv.danmaku.bili.ui.splash.SplashActivity}	bilibili
ComponentInfo{tv.danmaku.bilj/tv.danmaku.bili.ui.splash.SplashActivity}	bilibili
ComponentInfo{tv.danmaku.bilu/tv.danmaku.bili.MainActivityV2}	bilibili
ComponentInfo{com.dianping.v1/com.dianping.v1.NovaMainActivity}	dianping
ComponentInfo{com.dianping.v1/com.dianping.main.guide.SplashScreenActivity}	dianping
ComponentInfo{com.dianping.v1/com.dianping.main.guide.LaunchActivity}	dianping
ComponentInfo{com.dianping.v1/com.dianping.main.permission.PermissionActivity}	dianping
ComponentInfo{com.dianping.v1/com.dianping.v1.PermissionActivity}	dianping
ComponentInfo{com.dianping.v1/com.dianping.v1.SplashScreenActivity}	dianping
ComponentInfo{com.dianping.v1/com.qihoo.util.StartActivity}	dianping
ComponentInfo{com.dianping.v1/com.dianping.userpermission.PermissionActivity}	dianping
ComponentInfo{com.dianping.v1/com.dianping.base.permission.PermissionActivity}	dianping
ComponentInfo{com.douban.frodo/com.douban.frodo.activity.SplashActivity}	douban
ComponentInfo{com.coolapk.market/com.coolapk.market.view.main.MainActivity}	coolapk
ComponentInfo{com.coolapk.market.vn/com.coolapk.market.view.main.MainActivity}	coolapk
ComponentInfo{com.smile.gifmaker/com.yxcorp.gifshow.HomeActivity}	kuaishou
ComponentInfo{com.taobao.taobao/com.taobao.tao.welcome.Welcome}	taobao
ComponentInfo{com.tencent.qqlive/com.tencent.qqlive.ona.activity.WelcomeActivity}	tencent_video
ComponentInfo{com.tencent.qqlive/com.tencent.qqlive.ona.activity.SplashHomeActivity}	tencent_video
ComponentInfo{com.tencent.qqlive/com.tencent.qqlive.ona.activity.origin.OriginIconHomeActivity}	tencent_video
ComponentInfo{com.sina.weibo/com.sina.weibo.SplashActivity}	weibo
ComponentInfo{com.sina.weibo/com.sina.weibo.wb_pixelweibo}	weibo
ComponentInfo{com.baidu.netdisk/com.baidu.netdisk.ui.Navigate}	baidu_netdisk
ComponentInfo{com.baidu.netdisk/com.baidu.netdisk.ui.OPLauncherActivity}	baidu_netdisk
ComponentInfo{com.baidu.netdisk/com.baidu.netdisk.ui.DefaultMainActivity}	baidu_netdisk
ComponentInfo{com.baidu.netdisk/com.baidu.netdisk.ui.SvipLauncherActivity}	baidu_netdisk
ComponentInfo{com.baidu.netdisk.xiaomi.appunion/com.baidu.netdisk.ui.Navigate}	baidu_netdisk
ComponentInfo{com.baidu.netdisl.xiaomi.appunion/com.baidu.netdisk.ui.Navigate}	baidu_netdisk
ComponentInfo{com.baidu.netdisk.samsung/com.baidu.netdisk.ui.SvipLauncherActivity}	baidu_netdisk
ComponentInfo{com.baidu.netdisk.samsung/com.baidu.netdisk.ui.DefaultMainActivity}	baidu_netdisk
ComponentInfo{cn.wps.moffice_eng/cn.wps.moffice.documentmanager.PreStartActivity}	wps
ComponentInfo{cn.wps.moffice_eng/cn.wps.moffice.documentmanager.ab.proxy.main}	wps
ComponentInfo{com.xunmeng.pinduoduo/com.xunmeng.pinduoduo.ui.activity.MainFrameActivity}	pinduoduo
ComponentInfo{com.tencent.qqmusic/com.tencent.qqmusic.activity.AppStarterActivity}	qq_music
ComponentInfo{com.tencent.qqmusiccar/com.tencent.qqmusiccar.app.activity.AppStarterActivity}	qq_music
ComponentInfo{com.qiyi.video/com.qiyi.video.WelcomeActivity}	iqiyi
ComponentInfo{com.iqiyi.i18n/com.qiyi.video.WelcomeActivity}	iqiyi
ComponentInfo{com.cainiao.wireless/com.cainiao.wireless.homepage.view.activity.WelcomeActivity}	cainiao
ComponentInfo{com.cainiao.wireless/com.cainiao.wireless.business.MainActivity}	cainiao
ComponentInfo{com.cainiao.cnintl4android/com.cainiao.wireless.homepage.view.activity.launch.WelcomeActivity}	cainiao
ComponentInfo{com.hunantv.imgo.activity.inter/com.hunantv.oversea.starter.ui.splash.SplashActivity}	mangotv
ComponentInfo{com.hunantv.imgo.activity/com.hunantv.imgo.activity.MainActivity}	mangotv
ComponentInfo{com.hunantv.imgo.activity/com.hunantv.imgo.activity.SplashActivity}	mangotv
ComponentInfo{com.hunantv.imgo.samsung/com.hunantv.imgo.activity.SplashActivity}	mangotv
ComponentInfo{com.alibaba.android.rimet/com.alibaba.android.rimet.biz.SplashActivity}	ding_talk
ComponentInfo{com.alibaba.android.rimet/com.alibaba.android.rimet.biz.LaunchHomeActivity}	ding_talk
ComponentInfo{com.autonavi.minimap/com.autonavi.map.activity.SplashActivity}	amap
ComponentInfo{com.autonavi.minimap/com.autonavi.minimap.SplashActivity}	amap
ComponentInfo{air.tv.douyu.android/tv.douyu.view.activity.SplashActivity}	douyu
ComponentInfo{air.tv.douyu.android/tv.douyu.view.activity.launcher.DYLauncherActivity}	douyu
ComponentInfo{air.tv.douyu.android/tv.douyu.view.activity.launcher.DYSplashLauncherActivity}	douyu
ComponentInfo{air.tv.douyu.android/tv.douyu.view.activity.MainActivity}	douyu
ComponentInfo{com.netease.cloudmusic/com.netease.cloudmusic.activity.LoadingActivity}	netease_music
ComponentInfo{com.netease.cloudmusic/com.netease.cloudmusic.activity.IconChangeDefaultAlias}	netease_music
ComponentInfo{com.netease.cloudmusic/com.netease.cloudmusic.activity.IconChangeAliasId172}	netease_music
ComponentInfo{com.netease.cloudmusic/com.netease.cloudmusic.activity.MainActivity}	netease_music
ComponentInfo{com.hihonor.cloudmusic/com.netease.cloudmusic.activity.MainActivity}	netease_music
ComponentInfo{com.sankuai.meituan/com.sankuai.meituan.activity.PreloadedWelcome}	meituan
ComponentInfo{com.sankuai.meituan/com.sankuai.meituan.activity.Welcome}	meituan
ComponentInfo{com.sankuai.meituan/com.meituan.android.pt.homepage.activity.Welcome}	meituan
ComponentInfo{com.sankuai.meituan/com.meituan.android.pt.homepage.activity.MainActivity}	meituan
ComponentInfo{com.android.bankabc/com.android.bankabc.SplashActivity}	bank_abc
ComponentInfo{com.android.bankabc/com.alipay.mobile.quinox.LauncherActivity}	bank_abc
ComponentInfo{com.android.bankabc/com.android.bankabc.LauncherActivity}	bank_abc
ComponentInfo{com.ss.android.article.news/com.ss.android.article.news.activity.SplashBadgeActivity}	toutiao
ComponentInfo{com.ss.android.article.news/com.ss.android.article.news.activity.MainActivity}	toutiao
ComponentInfo{com.quark.browser/com.ucpro.MainActivity}	quark
ComponentInfo{com.baidu.searchbox.info/com.baidu.searchbox.SplashActivity}	baidu
ComponentInfo{com.baidu.searchbox_AndroidM/com.baidu.searchbox.SplashActivity}	baidu
ComponentInfo{com.baidu.searchbox_samsung/com.baidu.searchbox.SplashActivity}	baidu
ComponentInfo{com.baidu.searchbox/com.baidu.searchbox.SplashActivity}	baidu
ComponentInfo{com.sohu.inputmethod.sogou/com.sohu.inputmethod.sogou.SogouIMELauncher}	sogou_input
ComponentInfo{com.sohu.inputmethod.sogouoem/com.sohu.inputmethod.sogou.SogouIMELauncher}	sogou_input
ComponentInfo{com.oneplus.brickmode/com.oneplus.brickmode.activity.MainControlActivity}	zen_mode
ComponentInfo{com.oneplus.bbs/com.oneplus.bbs.ui.activity.PreStartActivity}	oneplus_bbs
ComponentInfo{com.oneplus.bbs/com.oneplus.bbs.ui.activity.WelcomeActivity}	oneplus_bbs
ComponentInfo{com.oneplus.bbs/com.oneplus.community.activity.LauncherActivity}	oneplus_bbs
ComponentInfo{com.oneplus.bbs/com.oplus.community.activity.LauncherActivity}	oneplus_bbs
ComponentInfo{com.nearme.play/com.nearme.play.module.others.launcher.LauncherActivity}	quick_game
ComponentInfo{com.nearme.play/com.nearme.play.module.main.LauncherActivity}	quick_game
ComponentInfo{com.oplus.play/com.nearme.play.module.main.LauncherActivity}	quick_game
ComponentInfo{com.oplus.games/com.oplus.assistant.activity.StartActivity}	game_assistant
ComponentInfo{com.oplus.games/com.oplus.assistant.activity.SpeedUpStartActivity}	game_assistant
ComponentInfo{com.oplus.games/}	game_assistant
ComponentInfo{com.oppo.store/com.oppo.store.InitActivity}	oppo_store
ComponentInfo{com.oppo.store/com.oppo.store.MainActivity}	oppo_store
ComponentInfo{com.oppo.store/com.oppo.store.FestivalLauncherActivity}	oppo_store
ComponentInfo{com.oppo.store/com.oppo.store.OFestivalLauncherActivity}	oppo_store
ComponentInfo{com.oppo.community/com.oppo.community.InitActivity}	oppo_plus
ComponentInfo{com.oppo.community/com.oppo.store.InitActivity}	oppo_plus
ComponentInfo{com.oppo.community/com.oppo.store.OFestivalLauncherActivity}	oppo_plus
ComponentInfo{com.oplus.aimemory/com.oplus.aimemory.MainActivity}	breeno_memory
ComponentInfo{com.coloros.shortcuts/com.coloros.shortcuts.ui.MainActivity}	breeno_shortcuts
ComponentInfo{com.motorola.moto/com.motorola.assist.ui.screens.MainActivity}	moto
ComponentInfo{com.panpandada.clay/com.panpandada.clay.MainActivity}	iconpack_clay
ComponentInfo{com.panpandada.clay.pay/com.panpandada.clay.pay.MainActivity}	iconpack_clay
